label,connectome_type,dataset,n_nodes,n_edges,density,sparsity,mean_weight,max_weight,Q,n_communities,in_degree_cv,out_degree_cv,total_degree_cv,reciprocity,n_reciprocal_pairs,fraction_in_nontrivial_scc,clustering_coefficient,n_triangles
chemical_synapse_Cook2019,chemical_synapse,Cook2019,302,3671,0.04038414996369717,0.9596158500363028,5.679106510487606,75.0,0.5083387572969044,8,1.2994952766761731,0.878231692261919,0.9320089399960438,0.364478343775538,669,0.9701986754966887,0.20199208315901265,6853
chemical_synapse_Cook2019Male,chemical_synapse,Cook2019Male,385,3805,0.025737283549783548,0.9742627164502164,9.002628120893561,194.0,0.5915550515049142,18,1.2964284480593753,1.2665319020690682,1.08290887765972,0.3779237844940867,719,0.9116883116883117,0.220569725074528,6754
chemical_synapse_Cook2020,chemical_synapse,Cook2020,302,147,0.0016171261358385953,0.9983828738641614,3.772108843537415,32.5,0.18570577153399392,283,5.0332161450720205,5.4038592052590095,4.537504873352361,0.54421768707483,40,0.059602649006622516,0.4334828101644245,256
chemical_synapse_Varshney2011,chemical_synapse,Varshney2011,302,2194,0.02413588259884271,0.9758641174011573,2.2985414767547856,37.0,0.5326764483384594,32,1.3581482500595958,0.9989791835097604,0.9690174006278378,0.2123974475843209,233,0.7913907284768212,0.15112292730707338,2858
chemical_synapse_WhiteA,chemical_synapse,WhiteA,302,1414,0.015555213306637918,0.9844447866933621,2.644978783592645,21.0,0.45623709571334614,128,1.7335570518578551,1.3296922364082222,1.2467730086792672,0.20226308345120225,143,0.5132450331125827,0.13976113794954376,1467
chemical_synapse_WhiteL4,chemical_synapse,WhiteL4,302,1291,0.014202107764405624,0.9857978922355943,2.8675445391169636,20.0,0.4485186362387963,133,1.8087696952638797,1.3914171543772462,1.348183158624659,0.21843532145623548,141,0.5198675496688742,0.14315519178302039,1271
chemical_synapse_WhiteWhole,chemical_synapse,WhiteWhole,302,2266,0.024927944379661615,0.9750720556203384,2.872462488967343,37.0,0.536456618288147,11,1.4259491726682094,0.960181569743532,1.0200407254929953,0.2118270079435128,240,0.8410596026490066,0.15107293176016007,2912
chemical_synapse_WitvlietA_07,chemical_synapse,WitvlietA_07,302,1933,0.021264658643374183,0.9787353413566258,3.4014485256078633,30.0,0.437341768711417,128,1.6916297215424436,1.4205461687472678,1.3304165970277808,0.27315054319710297,264,0.5264900662251656,0.1636240462097982,3003
chemical_synapse_WitvlietA_08,chemical_synapse,WitvlietA_08,302,1933,0.021264658643374183,0.9787353413566258,3.6725297465080184,51.0,0.45235661598076404,128,1.7066476189468707,1.5121874654088459,1.3945509325763812,0.3103983445421624,300,0.5264900662251656,0.1736670293797606,2889
chemical_synapse_WitvlietL1_01,chemical_synapse,WitvlietL1_01,302,675,0.007425579195177224,0.9925744208048227,1.7066666666666668,9.0,0.4882081585165895,150,1.9128848496732802,1.5482451610464358,1.5096594226467732,0.17185185185185184,58,0.3576158940397351,0.14607679465776294,346
chemical_synapse_WitvlietL1_02,chemical_synapse,WitvlietL1_02,302,865,0.009515742227893776,0.9904842577721062,1.9502890173410405,11.0,0.4763006905556596,147,1.8489246817097695,1.5593758302785943,1.4879196888174775,0.19190751445086704,83,0.4205298013245033,0.13945792625275763,601
chemical_synapse_WitvlietL1_03,chemical_synapse,WitvlietL1_03,302,887,0.009757761105366218,0.9902422388946338,2.124013528748591,14.0,0.4735545390617605,148,1.881638637591615,1.6224096080497703,1.5436979885877575,0.22322435174746336,99,0.4205298013245033,0.15066964285714285,614
chemical_synapse_WitvlietL1_04,chemical_synapse,WitvlietL1_04,302,1011,0.011121867505665442,0.9888781324943345,2.493570722057369,17.0,0.4941169306740477,141,1.8485053870774224,1.6766658523232514,1.5573260515712795,0.20573689416419386,104,0.44039735099337746,0.15215792054928887,830
chemical_synapse_WitvlietL2_05,chemical_synapse,WitvlietL2_05,302,1324,0.014565136080614287,0.9854348639193857,2.7522658610271904,23.0,0.4628176959011762,136,1.7767277809023265,1.5727982973584993,1.4670098901710007,0.23867069486404835,158,0.5,0.15741839762611276,1406
chemical_synapse_WitvlietL3_06,chemical_synapse,WitvlietL3_06,302,1315,0.014466128358011926,0.985533871641988,2.9612167300380228,21.0,0.4618558993607961,134,1.810537031813732,1.5953038022740589,1.476857511445632,0.21140684410646388,139,0.48013245033112584,0.15092267135325133,1433
chemical_synapse_Yim2024,chemical_synapse,Yim2024,302,1955,0.021506677520846625,0.9784933224791533,1.2108432668902462,32.2428024605572,0.46356527950307763,134,1.8363438214568266,1.500473290016664,1.450131415366213,0.3345268542199488,327,0.5397350993377483,0.18455607298267043,2827
electrical_synapse_Cook2019,electrical_synapse,Cook2019,302,2185,0.024036874876240347,0.9759631251237596,5.298398169336385,401.0,0.681974202363467,14,2.4698947948151555,2.469989671919059,2.4699410934725985,0.9995423340961098,1092,0.9867549668874173,0.1790515766316304,734
electrical_synapse_Cook2019Male,electrical_synapse,Cook2019Male,385,1811,0.012249729437229438,0.9877502705627705,7.722252898950856,400.0,0.7003350466541286,65,2.645121912936004,2.6884193873884885,2.65787449383874,0.8746548868028713,792,0.7324675324675325,0.18792586535840827,807
electrical_synapse_Cook2020,electrical_synapse,Cook2020,302,56,0.0006160480517480363,0.9993839519482519,2.0357142857142856,9.0,0.5223145583256386,284,4.705843992565394,4.705843992565394,4.705843992565394,1.0,28,0.0728476821192053,0.0,0
electrical_synapse_Varshney2011,electrical_synapse,Varshney2011,302,1028,0.011308882092803238,0.9886911179071968,1.7256809338521402,23.0,0.6722557701180398,62,1.7152057774489304,1.7152057774489304,1.7152057774489304,1.0,514,0.8377483443708609,0.1283987915407855,170
electrical_synapse_WhiteA,electrical_synapse,WhiteA,302,524,0.005764449627070911,0.9942355503729291,1.2557251908396947,7.0,0.6642723182527878,164,1.5580761762554105,1.5580761762554105,1.5580761762554105,1.0,262,0.5,0.12073490813648294,46
electrical_synapse_WhiteL4,electrical_synapse,WhiteL4,302,568,0.006248487382015797,0.9937515126179842,2.6514084507042255,8.0,0.6842219435670334,162,1.480086681818985,1.480086681818985,1.480086681818985,1.0,284,0.5,0.14860681114551083,64
electrical_synapse_WhiteWhole,electrical_synapse,WhiteWhole,302,1126,0.012386966183362302,0.9876130338166377,1.689165186500888,23.0,0.698539696439964,41,1.5876755682312127,1.5876755682312127,1.5876755682312127,1.0,563,0.9039735099337748,0.14719127755392272,207
electrical_synapse_WitvlietA_07,electrical_synapse,WitvlietA_07,302,522,0.005742447910937053,0.994257552089063,1.3908045977011494,6.0,0.7000546410764293,162,1.4502477413126518,1.4502477413126518,1.4502477413126518,1.0,261,0.5099337748344371,0.1653771760154739,57
electrical_synapse_WitvlietA_08,electrical_synapse,WitvlietA_08,302,592,0.006512507975622099,0.9934874920243779,1.402027027027027,7.0,0.639268398896792,160,1.6124443477429389,1.6124443477429389,1.6124443477429389,1.0,296,0.5066225165562914,0.11339522546419098,57
electrical_synapse_WitvlietL1_01,electrical_synapse,WitvlietL1_01,302,162,0.0017821390068425338,0.9982178609931575,1.2592592592592593,9.0,0.838427527873895,230,2.4277526816851527,2.4277526816851527,2.4277526816851527,1.0,81,0.3079470198675497,0.024193548387096774,1
electrical_synapse_WitvlietL1_02,electrical_synapse,WitvlietL1_02,302,238,0.0026182042199291546,0.9973817957800708,1.0756302521008403,3.0,0.745635986328125,210,1.7921643416114916,1.7921643416114916,1.7921643416114916,1.0,119,0.36423841059602646,0.06593406593406594,6
electrical_synapse_WitvlietL1_03,electrical_synapse,WitvlietL1_03,302,184,0.0020241578843149767,0.997975842115685,1.1630434782608696,3.0,0.8105511398375406,226,1.9596773715261544,1.9596773715261544,1.9596773715261544,1.0,92,0.31788079470198677,0.0759493670886076,4
electrical_synapse_WitvlietL1_04,electrical_synapse,WitvlietL1_04,302,404,0.004444346659039405,0.9955556533409606,1.1683168316831682,3.0,0.7052481327204827,189,1.6849282034696487,1.6849282034696487,1.6849282034696487,1.0,202,0.4271523178807947,0.11822660098522167,32
electrical_synapse_WitvlietL2_05,electrical_synapse,WitvlietL2_05,302,566,0.0062264856658819385,0.9937735143341181,1.4452296819787986,4.0,0.6536725629330287,161,1.5551275502744346,1.5551275502744346,1.5551275502744346,1.0,283,0.5033112582781457,0.13119533527696792,60
electrical_synapse_WitvlietL3_06,electrical_synapse,WitvlietL3_06,302,420,0.004620360388110273,0.9953796396118897,1.2523809523809524,4.0,0.7289320360277003,172,1.5125100596192194,1.5125100596192194,1.5125100596192194,1.0,210,0.47019867549668876,0.11013215859030837,25
neuropeptide_RipollSanchez2023_midRange,neuropeptide,RipollSanchez2023_midRange,302,40254,0.44282854062616883,0.5571714593738312,2.6561335519451483,19.0,0.1624208963448062,2,0.9433791159426816,0.617761337469362,0.642965439778274,0.6206588165151289,12492,0.9536423841059603,0.7042470916112877,1464321
neuropeptide_Bentley2016,neuropeptide,Bentley2016,302,58112,0.6392818639853909,0.3607181360146091,4.331274091409692,35.0,0.01786963282267466,5,0.9446256384547601,0.5725579327183136,0.5716738670230036,0.6540817731277533,19005,0.9470198675496688,0.8042179850493961,3137695
neuropeptide_NLP-40_AEX-2_RipollSanchez2023_midRange,neuropeptide,NLP-40_AEX-2_RipollSanchez2023_midRange,302,257,0.0028272205232008096,0.9971727794767992,1.0,1.0,0.013565686081545573,271,4.07867673024649,4.3572696063456275,2.899592515256364,0.0,0,0.0,0.00024307243558580456,1
neuropeptide_NLP-12_CKR-1_RipollSanchez2023_midRange,neuropeptide,NLP-12_CKR-1_RipollSanchez2023_midRange,302,156,0.0017161338584409584,0.9982838661415591,1.0,1.0,0.0,302,2.192645048267573,9.98331942124796,5.0614809832290915,0.0,0,0.0,0.0,0
neuropeptide_NLP-12_CKR-2_RipollSanchez2023_midRange,neuropeptide,NLP-12_CKR-2_RipollSanchez2023_midRange,302,150,0.001650128710039383,0.9983498712899607,1.0,1.0,0.0,302,2.244994432064365,9.983319421247959,5.0672148826220775,0.0,0,0.0,0.0,0
neuropeptide_FLP-10_DMSR-1_RipollSanchez2023_midRange,neuropeptide,FLP-10_DMSR-1_RipollSanchez2023_midRange,302,683,0.007513586059712658,0.9924864139402874,1.0,1.0,0.3017177253911668,209,1.6870506793592668,4.817181703673453,2.575720995108193,0.029282576866764276,10,0.016556291390728478,0.04222742875824116,1020
neuropeptide_FLP-11_DMSR-1_RipollSanchez2023_midRange,neuropeptide,FLP-11_DMSR-1_RipollSanchez2023_midRange,302,3257,0.03582979472398847,0.9641702052760115,1.0,1.0,0.2235681603657751,192,1.6682955640016022,2.2325962733836318,1.5580954373322502,0.20755296284924776,338,0.09271523178807947,0.29194893551223944,33019
neuropeptide_FLP-12_DMSR-1_RipollSanchez2023_midRange,neuropeptide,FLP-12_DMSR-1_RipollSanchez2023_midRange,302,1497,0.016468284526193044,0.9835317154738069,1.0,1.0,0.127429207111618,202,1.6031052350616404,3.79004942751087,2.0601979993763857,0.02004008016032064,15,0.019867549668874173,0.05871164989868108,5558
neuropeptide_FLP-13_DMSR-1_RipollSanchez2023_midRange,neuropeptide,FLP-13_DMSR-1_RipollSanchez2023_midRange,302,1080,0.011880926712283559,0.9881190732877164,1.0,1.0,0.09570301783264745,206,1.9635979056960138,3.891323312106251,2.2320400407439434,0.027777777777777776,15,0.019867549668874173,0.09186171775536187,4598
neuropeptide_FLP-16_DMSR-1_RipollSanchez2023_midRange,neuropeptide,FLP-16_DMSR-1_RipollSanchez2023_midRange,302,4948,0.054432245715165785,0.9455677542848342,1.0,1.0,0.22106479741780152,158,1.6792639478983897,1.7032089080876198,1.1484746640325867,0.0582053354890865,144,0.08278145695364239,0.19954769446246956,48788
neuropeptide_FLP-17_DMSR-1_RipollSanchez2023_midRange,neuropeptide,FLP-17_DMSR-1_RipollSanchez2023_midRange,302,112,0.0012320961034960726,0.9987679038965039,1.0,1.0,0.0,302,2.095914393017316,12.247448713915889,6.172375092759212,0.0,0,0.0,0.0,0
neuropeptide_FLP-25_DMSR-1_RipollSanchez2023_midRange,neuropeptide,FLP-25_DMSR-1_RipollSanchez2023_midRange,302,908,0.009988779124771733,0.9900112208752283,1.0,1.0,0.24351821304508142,203,1.6463914200543226,4.43139509775101,2.3592552553084127,0.006607929515418502,3,0.009933774834437087,0.032796940395439456,1620
neuropeptide_FLP-28_DMSR-1_RipollSanchez2023_midRange,neuropeptide,FLP-28_DMSR-1_RipollSanchez2023_midRange,302,1450,0.01595124419704737,0.9840487558029526,1.0,1.0,0.20536979785969084,201,1.6372518374008722,3.5939619068475914,1.9382109259162843,0.013793103448275862,10,0.016556291390728478,0.05193008927448761,4276
neuropeptide_FLP-33_DMSR-1_RipollSanchez2023_midRange,neuropeptide,FLP-33_DMSR-1_RipollSanchez2023_midRange,302,210,0.0023101801940551363,0.9976898198059448,1.0,1.0,0.3288888888888889,214,1.7079512597462887,8.650754623473931,4.351800002907547,0.0,0,0.0,0.0,0
neuropeptide_FLP-4_DMSR-1_RipollSanchez2023_midRange,neuropeptide,FLP-4_DMSR-1_RipollSanchez2023_midRange,302,2264,0.024905942663527754,0.9750940573364723,1.0,1.0,0.24126284508484308,186,1.7273839934420663,2.582142632603821,1.5562225940966337,0.037102473498233215,42,0.039735099337748346,0.10942192192192192,11201
neuropeptide_FLP-9_DMSR-1_RipollSanchez2023_midRange,neuropeptide,FLP-9_DMSR-1_RipollSanchez2023_midRange,302,8601,0.09461838023365822,0.9053816197663418,1.0,1.0,0.1989052816421103,119,1.6278992250176358,1.1467952105163024,0.9974938993921318,0.13324032089291943,573,0.1390728476821192,0.3930135539202521,143295
neuropeptide_NLP-13_DMSR-2_RipollSanchez2023_midRange,neuropeptide,NLP-13_DMSR-2_RipollSanchez2023_midRange,302,3639,0.040032122505555434,0.9599678774944446,1.0,1.0,0.21777224702527595,164,2.1789090253061336,1.5964002638934995,1.2746747659662807,0.011541632316570486,21,0.023178807947019868,0.1360770739283223,18445
neuropeptide_FLP-14_DMSR-3_RipollSanchez2023_midRange,neuropeptide,FLP-14_DMSR-3_RipollSanchez2023_midRange,302,505,0.005555433323799257,0.9944445666762007,1.0,1.0,0.05175178904029013,257,3.7681794744038526,3.2091166332386316,2.537660654209299,0.011881188118811881,3,0.009933774834437087,0.14552899513058876,1196
neuropeptide_FLP-1_DMSR-5_RipollSanchez2023_midRange,neuropeptide,FLP-1_DMSR-5_RipollSanchez2023_midRange,302,116,0.0012760995357637896,0.9987239004642362,1.0,1.0,0.0,302,2.0510720493742136,12.24744871391589,6.1686079578727515,0.0,0,0.0,0.0,0
neuropeptide_FLP-1_DMSR-6_RipollSanchez2023_midRange,neuropeptide,FLP-1_DMSR-6_RipollSanchez2023_midRange,302,80,0.0008800686453543376,0.9991199313546456,1.0,1.0,0.0,302,2.559296778413945,12.247448713915889,6.21590701346151,0.0,0,0.0,0.0,0
neuropeptide_FLP-1_DMSR-7_RipollSanchez2023_midRange,neuropeptide,FLP-1_DMSR-7_RipollSanchez2023_midRange,302,202,0.0022221733295197024,0.9977778266704803,1.0,1.0,0.0,301,1.4054524323344937,12.247448713915887,6.183958997872156,0.009900990099009901,1,0.006622516556291391,0.009900990099009901,100
neuropeptide_FLP-11_DMSR-7_RipollSanchez2023_midRange,neuropeptide,FLP-11_DMSR-7_RipollSanchez2023_midRange,302,4441,0.04885481067523267,0.9511451893247673,1.0,1.0,0.11905287169499615,189,1.4584680268849208,2.174575765875273,1.5509829350021649,0.3355100202657059,745,0.1357615894039735,0.38088205061620195,60172
neuropeptide_FLP-13_DMSR-7_RipollSanchez2023_midRange,neuropeptide,FLP-13_DMSR-7_RipollSanchez2023_midRange,302,1303,0.014334118061208774,0.9856658819387912,1.0,1.0,0.0928596797401827,184,1.764177545153768,3.8890900131231527,2.0545134341340265,0.0,0,0.0,0.013251259093452714,1184
neuropeptide_FLP-16_DMSR-7_RipollSanchez2023_midRange,neuropeptide,FLP-16_DMSR-7_RipollSanchez2023_midRange,302,6176,0.06794129942135486,0.9320587005786451,1.0,1.0,0.16816747597250928,145,1.5155825481689775,1.6884667823311097,1.183958528314954,0.10492227979274611,324,0.09271523178807947,0.2606601416076635,84870
neuropeptide_FLP-23_DMSR-7_RipollSanchez2023_midRange,neuropeptide,FLP-23_DMSR-7_RipollSanchez2023_midRange,302,202,0.0022221733295197024,0.9977778266704803,1.0,1.0,0.0,301,1.4054524323344937,12.247448713915892,6.183958997872154,0.009900990099009901,1,0.006622516556291391,0.009900990099009901,100
neuropeptide_FLP-27_DMSR-7_RipollSanchez2023_midRange,neuropeptide,FLP-27_DMSR-7_RipollSanchez2023_midRange,302,2927,0.03219951156190183,0.9678004884380982,1.0,1.0,0.17888842601935792,174,1.4874800272680087,2.7346169106674756,1.5282620045643496,0.02186539118551418,32,0.029801324503311258,0.08422634330305658,16863
neuropeptide_FLP-4_DMSR-7_RipollSanchez2023_midRange,neuropeptide,FLP-4_DMSR-7_RipollSanchez2023_midRange,302,2855,0.031407449781082925,0.9685925502189171,1.0,1.0,0.20338325548013902,164,1.5853917747023,2.5809592812959545,1.4276233602572215,0.005604203152364273,8,0.016556291390728478,0.04929729411649324,9280
neuropeptide_FLP-5_DMSR-7_RipollSanchez2023_midRange,neuropeptide,FLP-5_DMSR-7_RipollSanchez2023_midRange,302,6746,0.07421178851950452,0.9257882114804955,1.0,1.0,0.15126373270444593,127,1.5358793979541392,1.6161726059060677,1.0781233841103521,0.03498369404091314,118,0.052980132450331126,0.18084271230583202,78157
neuropeptide_FLP-7_DMSR-7_RipollSanchez2023_midRange,neuropeptide,FLP-7_DMSR-7_RipollSanchez2023_midRange,302,2925,0.03217750984576797,0.967822490154232,1.0,1.0,0.15523401271093581,174,1.4670082283132506,2.7747411462450606,1.6062929427858683,0.037606837606837605,55,0.03642384105960265,0.11573902973858624,21844
neuropeptide_FLP-9_DMSR-7_RipollSanchez2023_midRange,neuropeptide,FLP-9_DMSR-7_RipollSanchez2023_midRange,302,11162,0.12279157774306396,0.8772084222569361,1.0,1.0,0.13813187491630557,112,1.4530027055077164,1.1188829183448386,0.9649110828093523,0.19315534850385235,1078,0.16556291390728478,0.45828775630270413,244940
neuropeptide_FLP-12_DMSR-8_RipollSanchez2023_midRange,neuropeptide,FLP-12_DMSR-8_RipollSanchez2023_midRange,302,835,0.0091857164858859,0.990814283514114,1.0,1.0,0.08441464376635953,244,2.3463620859081193,3.77522966117105,2.455155541693729,0.08622754491017964,36,0.029801324503311258,0.18668916167316307,4472
neuropeptide_FLP-10_EGL-6_RipollSanchez2023_midRange,neuropeptide,FLP-10_EGL-6_RipollSanchez2023_midRange,302,136,0.001496116697102374,0.9985038833028976,1.0,1.0,0.23875432525951562,277,4.727455148378542,5.018951971550789,3.5394388813985347,0.014705882352941176,1,0.006622516556291391,0.09400544959128065,121
neuropeptide_FLP-17_EGL-6_RipollSanchez2023_midRange,neuropeptide,FLP-17_EGL-6_RipollSanchez2023_midRange,302,30,0.0003300257420078766,0.9996699742579921,1.0,1.0,0.0,302,4.374166587286466,12.24744871391589,6.464002887788133,0.0,0,0.0,0.0,0
neuropeptide_FLP-4_EGL-6_RipollSanchez2023_midRange,neuropeptide,FLP-4_EGL-6_RipollSanchez2023_midRange,302,522,0.005742447910937053,0.994257552089063,1.0,1.0,0.12926997548479913,247,4.437109153534001,2.6289165307459643,2.5690005169029613,0.0038314176245210726,1,0.006622516556291391,0.12243047158403869,769
neuropeptide_FLP-5_EGL-6_RipollSanchez2023_midRange,neuropeptide,FLP-5_EGL-6_RipollSanchez2023_midRange,302,1241,0.013652064861059163,0.9863479351389408,1.0,1.0,0.04621055645774475,202,4.381936185456536,1.5909296441732592,2.3190182644197996,0.009669621273166801,6,0.013245033112582781,0.2641059286651557,3886
neuropeptide_FLP-6_EGL-6_RipollSanchez2023_midRange,neuropeptide,FLP-6_EGL-6_RipollSanchez2023_midRange,302,438,0.004818375833314998,0.995181624166685,1.0,1.0,0.06880590479764806,259,4.389327448535843,2.9761743022909846,2.685917565025802,0.0045662100456621,1,0.006622516556291391,0.1349587912087912,743
neuropeptide_FLP-9_EGL-6_RipollSanchez2023_midRange,neuropeptide,FLP-9_EGL-6_RipollSanchez2023_midRange,302,1697,0.018668456139578887,0.9813315438604211,1.0,1.0,0.15645898738423272,158,4.471823844408959,1.1727602315769579,2.3767961037031675,0.05303476723629935,45,0.033112582781456956,0.6560083993509592,8957
neuropeptide_FLP-8_FRPR-15_RipollSanchez2023_midRange,neuropeptide,FLP-8_FRPR-15_RipollSanchez2023_midRange,302,210,0.0023101801940551363,0.9976898198059448,1.0,1.0,0.07800453514739221,246,2.220457349061735,8.256242055549157,4.215921124701602,0.0,0,0.0,0.0,0
neuropeptide_FLP-3_FRPR-16_RipollSanchez2023_midRange,neuropeptide,FLP-3_FRPR-16_RipollSanchez2023_midRange,302,851,0.009361730214956766,0.9906382697850432,1.0,1.0,0.26445696705748817,214,1.8524521797293705,4.2578820245571025,2.2113987888455684,0.0,0,0.0,0.0,0
neuropeptide_FLP-2_FRPR-18_RipollSanchez2023_midRange,neuropeptide,FLP-2_FRPR-18_RipollSanchez2023_midRange,302,1028,0.011308882092803238,0.9886911179071968,1.0,1.0,0.07071643779618159,241,2.8945617873473086,2.7984851301650853,2.0443793702843793,0.021400778210116732,11,0.019867549668874173,0.13582808943633687,3581
neuropeptide_FLP-14_FRPR-19_RipollSanchez2023_midRange,neuropeptide,FLP-14_FRPR-19_RipollSanchez2023_midRange,302,1273,0.014004092319200898,0.9859959076807991,1.0,1.0,0.19755894525799908,222,2.098090894375999,3.229485659602442,1.8956934555161762,0.010997643362136685,7,0.019867549668874173,0.06690199473841953,3659
neuropeptide_FLP-8_FRPR-19_RipollSanchez2023_midRange,neuropeptide,FLP-8_FRPR-19_RipollSanchez2023_midRange,302,159,0.001749136432641746,0.9982508635673583,1.0,1.0,0.2550532020094142,242,2.4906375061215256,7.717052892389306,3.992373370904625,0.0,0,0.0,0.0,0
neuropeptide_FLP-20_FRPR-3_RipollSanchez2023_midRange,neuropeptide,FLP-20_FRPR-3_RipollSanchez2023_midRange,302,269,0.0029592308200039603,0.9970407691799961,1.0,1.0,0.17081024308674564,267,3.9515539575112393,3.9852081360613503,2.774833348996417,0.0,0,0.0,0.0413135593220339,156
neuropeptide_FLP-33_FRPR-6_RipollSanchez2023_midRange,neuropeptide,FLP-33_FRPR-6_RipollSanchez2023_midRange,302,48,0.0005280411872126026,0.9994719588127874,1.0,1.0,0.22222222222222215,280,3.972125095937662,10.394977419675119,5.518906896599483,0.0,0,0.0,0.0,0
neuropeptide_FLP-1_FRPR-7_RipollSanchez2023_midRange,neuropeptide,FLP-1_FRPR-7_RipollSanchez2023_midRange,302,120,0.0013201029680315064,0.9986798970319685,1.0,1.0,0.0,302,2.008316044185609,12.24744871391589,6.165089888503925,0.0,0,0.0,0.0,0
neuropeptide_FLP-10_FRPR-8_RipollSanchez2023_midRange,neuropeptide,FLP-10_FRPR-8_RipollSanchez2023_midRange,302,129,0.0014191106906338694,0.9985808893093662,1.0,1.0,0.21705426356589147,277,4.793061557731985,4.6116734488988795,3.477606125817606,0.0,0,0.0,0.09380692167577413,103
neuropeptide_FLP-11_FRPR-8_RipollSanchez2023_midRange,neuropeptide,FLP-11_FRPR-8_RipollSanchez2023_midRange,302,570,0.006270489098149656,0.9937295109018504,1.0,1.0,0.19204678362573097,239,4.722406854609383,2.19559423419799,2.611161731760813,0.010526315789473684,3,0.009933774834437087,0.17006324666198172,870
neuropeptide_FLP-12_FRPR-8_RipollSanchez2023_midRange,neuropeptide,FLP-12_FRPR-8_RipollSanchez2023_midRange,302,259,0.002849222239334668,0.9971507777606653,1.0,1.0,0.12745784946557145,268,4.589596905559294,3.6768212257280246,2.8540941680979786,0.0,0,0.0,0.0,0
neuropeptide_FLP-13_FRPR-8_RipollSanchez2023_midRange,neuropeptide,FLP-13_FRPR-8_RipollSanchez2023_midRange,302,192,0.00211216474885041,0.9978878352511495,1.0,1.0,0.06456163194444443,272,5.212009119571835,3.880316693117829,3.176199501380454,0.0,0,0.0,0.004524886877828055,8
neuropeptide_FLP-14_FRPR-8_RipollSanchez2023_midRange,neuropeptide,FLP-14_FRPR-8_RipollSanchez2023_midRange,302,338,0.0037182900266220765,0.996281709973378,1.0,1.0,0.1155771856727706,267,4.608343134104838,3.09587359531379,3.1109928191587186,0.10650887573964497,18,0.023178807947019868,0.4462629569012548,1105
neuropeptide_FLP-16_FRPR-8_RipollSanchez2023_midRange,neuropeptide,FLP-16_FRPR-8_RipollSanchez2023_midRange,302,879,0.009669754240830785,0.9903302457591692,1.0,1.0,0.1625722683626678,213,4.724106364354111,1.6456478445685008,2.5965180546443953,0.05460750853242321,24,0.026490066225165563,0.4684014869888476,2801
neuropeptide_FLP-17_FRPR-8_RipollSanchez2023_midRange,neuropeptide,FLP-17_FRPR-8_RipollSanchez2023_midRange,302,20,0.0002200171613385844,0.9997799828386614,1.0,1.0,0.0,302,5.4037024344425175,12.247448713915889,6.655824516917494,0.0,0,0.0,0.0,0
neuropeptide_FLP-25_FRPR-8_RipollSanchez2023_midRange,neuropeptide,FLP-25_FRPR-8_RipollSanchez2023_midRange,302,176,0.001936151019779543,0.9980638489802205,1.0,1.0,0.228047520661157,274,4.734792423910541,4.034362986983671,3.341029875676853,0.03409090909090909,3,0.009933774834437087,0.19172932330827067,260
neuropeptide_FLP-32_FRPR-8_RipollSanchez2023_midRange,neuropeptide,FLP-32_FRPR-8_RipollSanchez2023_midRange,302,544,0.005984466788409496,0.9940155332115905,1.0,1.0,0.1920685553633218,236,4.744692901194302,2.1807266613737486,2.5133483392811815,0.0,0,0.0,0.0,0
neuropeptide_FLP-4_FRPR-8_RipollSanchez2023_midRange,neuropeptide,FLP-4_FRPR-8_RipollSanchez2023_midRange,302,419,0.004609359530043344,0.9953906404699566,1.0,1.0,0.19933812179242544,251,4.821789793680408,2.478707291773239,2.7849267614127213,0.0477326968973747,10,0.016556291390728478,0.21130155329405464,593
neuropeptide_FLP-8_FRPR-8_RipollSanchez2023_midRange,neuropeptide,FLP-8_FRPR-8_RipollSanchez2023_midRange,302,46,0.0005060394710787442,0.9994939605289213,1.0,1.0,0.13610586011342152,288,5.1660517551840375,7.733021526425899,4.997541928869917,0.043478260869565216,1,0.006622516556291391,0.1368421052631579,42
neuropeptide_FLP-9_FRPR-8_RipollSanchez2023_midRange,neuropeptide,FLP-9_FRPR-8_RipollSanchez2023_midRange,302,1508,0.016589293964929263,0.9834107060350707,1.0,1.0,0.1715941152052009,154,4.6492327610870054,1.1116890936366706,2.3373920607566183,0.005305039787798408,4,0.016556291390728478,0.2433455114822547,3348
neuropeptide_FLP-19_FRPR-9_RipollSanchez2023_midRange,neuropeptide,FLP-19_FRPR-9_RipollSanchez2023_midRange,302,1214,0.013355041693252074,0.9866449583067479,1.0,1.0,0.0323654019959343,238,2.6557639152140697,2.837718752903475,2.0227139029290018,0.03459637561779242,21,0.023178807947019868,0.18161716786146542,6473
neuropeptide_NLP-47_GNRR-1_RipollSanchez2023_midRange,neuropeptide,NLP-47_GNRR-1_RipollSanchez2023_midRange,302,1413,0.01554421244857099,0.984455787551429,1.0,1.0,0.1659797382409523,206,3.2569624173583365,2.092591352633217,1.8507219894852374,0.0014154281670205238,1,0.006622516556291391,0.06905236031392761,2281
neuropeptide_NLP-23_GNRR-3_RipollSanchez2023_midRange,neuropeptide,NLP-23_GNRR-3_RipollSanchez2023_midRange,302,22,0.00024201887747244286,0.9997579811225276,1.0,1.0,0.0,302,5.143398239932959,12.24744871391589,6.6040621108251525,0.0,0,0.0,0.0,0
neuropeptide_NLP-2_GNRR-6_RipollSanchez2023_midRange,neuropeptide,NLP-2_GNRR-6_RipollSanchez2023_midRange,302,30,0.0003300257420078766,0.9996699742579921,1.0,1.0,0.0,302,4.374166587286466,12.24744871391589,6.464002887788134,0.0,0,0.0,0.0,0
neuropeptide_NLP-22_GNRR-6_RipollSanchez2023_midRange,neuropeptide,NLP-22_GNRR-6_RipollSanchez2023_midRange,302,104,0.0011440892389606389,0.9988559107610394,1.0,1.0,0.12426035502958584,281,4.421571650215358,6.279368867392732,3.774280369513148,0.0,0,0.0,0.0,0
neuropeptide_NLP-23_GNRR-6_RipollSanchez2023_midRange,neuropeptide,NLP-23_GNRR-6_RipollSanchez2023_midRange,302,30,0.0003300257420078766,0.9996699742579921,1.0,1.0,0.0,302,4.374166587286466,12.24744871391589,6.464002887788134,0.0,0,0.0,0.0,0
neuropeptide_NLP-44_NMUR-1_RipollSanchez2023_midRange,neuropeptide,NLP-44_NMUR-1_RipollSanchez2023_midRange,302,72,0.0007920617808189038,0.9992079382191811,1.0,1.0,0.2407407407407407,269,3.0226766406736387,10.394977419675119,5.526818035053497,0.027777777777777776,1,0.006622516556291391,0.03222222222222222,29
neuropeptide_NLP-44_NMUR-2_RipollSanchez2023_midRange,neuropeptide,NLP-44_NMUR-2_RipollSanchez2023_midRange,302,50,0.000550042903346461,0.9994499570966535,1.0,1.0,0.26880000000000004,280,3.9889848332627187,9.742443225392693,5.216013803662715,0.0,0,0.0,0.0,0
neuropeptide_FLP-21_NPR-1_RipollSanchez2023_midRange,neuropeptide,FLP-21_NPR-1_RipollSanchez2023_midRange,302,407,0.004477349233240193,0.9955226507667598,1.0,1.0,0.0717179095557474,258,4.593275901630873,2.8897827349164436,2.797297027534168,0.014742014742014743,3,0.009933774834437087,0.22236340533672172,934
neuropeptide_FLP-3_NPR-10_RipollSanchez2023_midRange,neuropeptide,FLP-3_NPR-10_RipollSanchez2023_midRange,302,369,0.004059316626696882,0.9959406833733031,1.0,1.0,0.1586357326987904,258,3.1261228621418127,4.399345679099639,2.604173887887404,0.0,0,0.0,0.0,0
neuropeptide_FLP-34_NPR-11_RipollSanchez2023_midRange,neuropeptide,FLP-34_NPR-11_RipollSanchez2023_midRange,302,574,0.006314492530417373,0.9936855074695826,1.0,1.0,0.0520098580776748,248,4.2178718575213825,2.655116280424822,2.3895651000259353,0.0,0,0.0,0.0,0
neuropeptide_FLP-21_NPR-2_RipollSanchez2023_midRange,neuropeptide,FLP-21_NPR-2_RipollSanchez2023_midRange,302,1212,0.013333039977118216,0.9866669600228818,1.0,1.0,0.08081996318443727,228,2.5424684210414377,2.8673206737046164,2.0147345781746404,0.0462046204620462,28,0.026490066225165563,0.19659960588423994,6844
neuropeptide_NLP-72_NPR-22_RipollSanchez2023_midRange,neuropeptide,NLP-72_NPR-22_RipollSanchez2023_midRange,302,80,0.0008800686453543376,0.9991199313546456,1.0,1.0,0.13124999999999998,285,5.315660824394272,5.8643520528699495,3.923984741305705,0.025,1,0.006622516556291391,0.011940298507462687,4
neuropeptide_FLP-15_NPR-3_RipollSanchez2023_midRange,neuropeptide,FLP-15_NPR-3_RipollSanchez2023_midRange,302,1376,0.015137180700094607,0.9848628192999054,1.0,1.0,0.2245470524607896,224,2.560343593318366,2.486836202133388,1.854341444805241,0.05232558139534884,36,0.029801324503311258,0.20118627765309394,6709
neuropeptide_NLP-64_NPR-32_RipollSanchez2023_midRange,neuropeptide,NLP-64_NPR-32_RipollSanchez2023_midRange,302,976,0.01073683747332292,0.9892631625266771,1.0,1.0,0.03546593657618928,243,2.2826995082903823,3.653455786377511,2.364730791927084,0.09221311475409837,45,0.033112582781456956,0.1965672990063234,6004
neuropeptide_SNET-1_NPR-34_RipollSanchez2023_midRange,neuropeptide,SNET-1_NPR-34_RipollSanchez2023_midRange,302,456,0.005016391278519725,0.9949836087214803,1.0,1.0,0.0,302,3.8593700058565608,3.4034296427770228,2.4737658627808026,0.0,0,0.0,0.0,0
neuropeptide_NLP-10_NPR-35_RipollSanchez2023_midRange,neuropeptide,NLP-10_NPR-35_RipollSanchez2023_midRange,302,1053,0.011583903544476469,0.9884160964555235,1.0,1.0,0.08766162612316455,230,3.6510886398088265,2.1570631162800527,2.0733991088715187,0.001899335232668566,1,0.006622516556291391,0.0993807735255304,1886
neuropeptide_NLP-17_NPR-37_RipollSanchez2023_midRange,neuropeptide,NLP-17_NPR-37_RipollSanchez2023_midRange,302,126,0.0013861081164330818,0.998613891883567,1.0,1.0,0.23935500125976308,256,2.5855481447593918,9.294569105945973,4.771636880413106,0.0,0,0.0,0.0,0
neuropeptide_FLP-14_NPR-39_RipollSanchez2023_midRange,neuropeptide,FLP-14_NPR-39_RipollSanchez2023_midRange,302,731,0.00804162724692526,0.9919583727530747,1.0,1.0,0.14134265038054797,247,3.0233563997108055,3.148802073337334,2.231457693303264,0.016415868673050615,6,0.013245033112582781,0.12000861048326338,1974
neuropeptide_FLP-8_NPR-39_RipollSanchez2023_midRange,neuropeptide,FLP-8_NPR-39_RipollSanchez2023_midRange,302,101,0.0011110866647598512,0.9988889133352401,1.0,1.0,0.1682188020782277,270,3.4032484179292335,7.727854382652056,4.36038300013338,0.019801980198019802,1,0.006622516556291391,0.057435897435897436,92
neuropeptide_FLP-18_NPR-4_RipollSanchez2023_midRange,neuropeptide,FLP-18_NPR-4_RipollSanchez2023_midRange,302,2600,0.028602230974015975,0.9713977690259841,1.0,1.0,0.15531360946745565,194,2.2105627278963373,2.047761658653391,1.4444560922253276,0.016153846153846154,21,0.023178807947019868,0.12429607208221878,12313
neuropeptide_FLP-14_NPR-40_RipollSanchez2023_midRange,neuropeptide,FLP-14_NPR-40_RipollSanchez2023_midRange,302,887,0.009757761105366218,0.9902422388946338,1.0,1.0,0.06374170817609745,240,2.821105662738547,3.1433978126619246,1.9899489295571928,0.0,0,0.0,0.0,0
neuropeptide_FLP-8_NPR-40_RipollSanchez2023_midRange,neuropeptide,FLP-8_NPR-40_RipollSanchez2023_midRange,302,145,0.001595124419704737,0.9984048755802952,1.0,1.0,0.1099643281807372,265,2.8848120058603066,7.87308665392211,4.1324216196233605,0.0,0,0.0,0.0,0
neuropeptide_NLP-13_NPR-41_RipollSanchez2023_midRange,neuropeptide,NLP-13_NPR-41_RipollSanchez2023_midRange,302,373,0.004103320058964599,0.9958966799410354,1.0,1.0,0.22553170079566445,209,7.276177441465644,1.6408141886108754,3.8448377254299313,0.0160857908847185,3,0.009933774834437087,0.5301204819277109,513
neuropeptide_NLP-3_NPR-42_RipollSanchez2023_midRange,neuropeptide,NLP-3_NPR-42_RipollSanchez2023_midRange,302,400,0.004400343226771688,0.9955996567732283,1.0,1.0,0.02774999999999997,253,5.323466915460263,2.568131616564852,2.869433742047374,0.0,0,0.0,0.0,0
neuropeptide_NLP-17_NPR-43_RipollSanchez2023_midRange,neuropeptide,NLP-17_NPR-43_RipollSanchez2023_midRange,302,185,0.002035158742381906,0.9979648412576181,1.0,1.0,0.21352812271731197,240,2.11652512328969,9.065509493751591,4.645008002424304,0.0,0,0.0,0.010062756979008873,93
neuropeptide_FLP-18_NPR-5_RipollSanchez2023_midRange,neuropeptide,FLP-18_NPR-5_RipollSanchez2023_midRange,302,3158,0.03474070977536248,0.9652592902246375,1.0,1.0,0.22586304332393062,193,1.9102181173758113,2.0178975239103223,1.4377831327786714,0.1057631412286257,167,0.0728476821192053,0.23894311515712094,26541
neuropeptide_FLP-27_NPR-8_RipollSanchez2023_midRange,neuropeptide,FLP-27_NPR-8_RipollSanchez2023_midRange,302,1080,0.011880926712283559,0.9881190732877164,1.0,1.0,0.13578703703703698,242,2.7085180373864475,2.7891458737533696,2.116623124207853,0.1111111111111111,60,0.04304635761589404,0.2408614597294992,5661
neuropeptide_FLP-8_NTR-1_RipollSanchez2023_midRange,neuropeptide,FLP-8_NTR-1_RipollSanchez2023_midRange,302,55,0.0006050471936811071,0.9993949528063188,1.0,1.0,0.0952066115702478,284,4.567691063643924,8.208944929740005,4.643559478255789,0.0,0,0.0,0.0,0
neuropeptide_NTC-1_NTR-1_RipollSanchez2023_midRange,neuropeptide,NTC-1_NTR-1_RipollSanchez2023_midRange,302,41,0.00045103518074409804,0.9995489648192559,1.0,1.0,0.061867935752528254,286,4.514304055608598,10.007284675645886,5.44345220622679,0.0,0,0.0,0.0,0
neuropeptide_NLP-37_PDFR-1_RipollSanchez2023_midRange,neuropeptide,NLP-37_PDFR-1_RipollSanchez2023_midRange,302,2060,0.022661767617874196,0.9773382323821258,1.0,1.0,0.10374870393062496,143,1.0156300424224254,4.4181768354329565,2.3057415927596416,0.043689320388349516,45,0.033112582781456956,0.06138659512931215,11505
neuropeptide_NLP-49_SEB-3_RipollSanchez2023_midRange,neuropeptide,NLP-49_SEB-3_RipollSanchez2023_midRange,302,1077,0.01184792413808277,0.9881520758619172,1.0,1.0,0.2061884822260673,211,1.8093705900684003,4.178310223706913,2.276544941246557,0.011142061281337047,6,0.013245033112582781,0.041651150133203474,2609
neuropeptide_NLP-42_SPRR-1_RipollSanchez2023_midRange,neuropeptide,NLP-42_SPRR-1_RipollSanchez2023_midRange,302,192,0.00211216474885041,0.9978878352511495,1.0,1.0,0.007812500000000111,263,2.5758881289329665,7.7088400734337315,4.377349319619376,0.10416666666666667,10,0.016556291390728478,0.10300668151447662,350
neuropeptide_NLP-38_SPRR-2_RipollSanchez2023_midRange,neuropeptide,NLP-38_SPRR-2_RipollSanchez2023_midRange,302,498,0.005478427317330752,0.9945215726826693,1.0,1.0,0.2804470895630716,239,4.532005290205697,2.3700428160589047,2.457446586418759,0.0,0,0.0,0.0,0
neuropeptide_NLP-58_TKR-1_RipollSanchez2023_midRange,neuropeptide,NLP-58_TKR-1_RipollSanchez2023_midRange,302,526,0.00578645134320477,0.9942135486567952,1.0,1.0,0.3151700906475444,241,3.3415845290476107,3.4619119351242222,2.2995119814498617,0.0,0,0.0,0.0,0
neuropeptide_NLP-58_TKR-2_RipollSanchez2023_midRange,neuropeptide,NLP-58_TKR-2_RipollSanchez2023_midRange,302,198,0.0021781698972519856,0.997821830102748,1.0,1.0,0.17253341495765742,265,6.106175484127097,3.05326318551019,3.339453365558001,0.0,0,0.0,0.0,0
neuropeptide_NLP-54_TRHR-1_RipollSanchez2023_midRange,neuropeptide,NLP-54_TRHR-1_RipollSanchez2023_midRange,302,260,0.0028602230974015975,0.9971397769025984,1.0,1.0,0.20047337278106514,250,2.818482952555533,5.99325064171672,3.4799063953948624,0.007692307692307693,1,0.006622516556291391,0.05147426286856572,360
monoamine_RipollSanchez2023,monoamine,RipollSanchez2023,302,2866,0.031528459219819144,0.9684715407801808,1.4326587578506629,3.0,0.31255188550655555,19,0.6534430309537061,3.99347469051532,2.019593028451146,0.03977669225401256,57,0.056291390728476824,0.045856272882485595,12723
monoamine_Bentley2016,monoamine,Bentley2016,302,1916,0.021077644056236387,0.9789223559437636,1.0,1.0,0.31937949189552,72,0.7861241107752646,4.248487840320881,2.2299360897110008,0.06471816283924843,62,0.052980132450331126,0.05582456629276109,7228
monoamine_dopamine_Bentley2016,monoamine,dopamine_Bentley2016,302,1152,0.012672988493102461,0.9873270115068975,1.0,1.0,6.938893903907228e-18,295,1.0413830632450194,6.062177826491071,3.1426349443302546,0.04861111111111111,28,0.026490066225165563,0.04861111111111111,3892
monoamine_serotonin_Bentley2016,monoamine,serotonin_Bentley2016,302,490,0.005390420452795318,0.9946095795472046,1.0,1.0,0.0,223,1.6387132425204831,7.023888553524195,3.6075629752749645,0.004081632653061225,1,0.006622516556291391,0.02044120623355596,724
monoamine_tyramine_Bentley2016,monoamine,tyramine_Bentley2016,302,224,0.0024641922069921452,0.9975358077930079,1.0,1.0,0.0,302,1.3024701806293193,12.247448713915889,6.1175245927464115,0.0,0,0.0,0.0,0
monoamine_octopamine_Bentley2016,monoamine,octopamine_Bentley2016,302,54,0.0005940463356141779,0.9994059536643858,1.0,1.0,0.0,301,3.1588054904030214,12.247448713915889,6.503138421396732,0.037037037037037035,1,0.006622516556291391,0.037037037037037035,26
