neuron,chemical_in_degree,chemical_out_degree,electrical_in_degree,electrical_out_degree
I1L,4,11,5,5
I1R,4,13,5,5
I2L,6,10,3,3
I2R,7,12,5,5
I3,7,13,4,4
I4,10,8,3,3
I5,11,14,3,3
I6,6,8,1,1
M1,7,11,2,2
M2L,7,5,4,4
M2R,3,5,7,7
M3L,11,1,2,2
M3R,12,1,2,2
M4,9,6,5,5
M5,2,2,3,3
MCL,6,0,1,1
MCR,3,0,4,4
MI,6,11,2,2
NSML,10,6,2,2
NSMR,10,5,5,5
ADFL,10,20,8,8
ADFR,17,22,9,9
ADLL,9,24,4,4
ADLR,17,26,3,3
ASEL,13,17,5,5
ASER,21,17,4,4
ASGL,7,4,6,6
ASGR,11,4,8,8
ASHL,10,20,7,7
ASHR,18,21,11,11
ASIL,5,17,3,3
ASIR,4,12,5,5
ASJL,7,7,6,6
ASJR,3,3,3,3
ASKL,9,5,7,7
ASKR,7,12,12,12
AWAL,4,8,4,4
AWAR,11,13,4,4
AWBL,9,16,5,5
AWBR,8,15,6,6
AWCL,12,14,3,3
AWCR,14,17,5,5
AFDL,10,7,7,7
AFDR,9,4,9,9
IL2DL,3,14,1,1
IL2DR,1,12,2,2
IL2L,9,12,9,9
IL2R,6,15,3,3
IL2VL,1,12,1,1
IL2VR,5,14,2,2
OLQDL,5,10,5,5
OLQDR,10,8,6,6
OLQVL,13,8,5,5
OLQVR,12,8,7,7
OLLL,11,16,3,3
OLLR,19,21,2,2
CEPDL,19,26,1,1
CEPDR,13,23,1,1
CEPVL,13,21,3,3
CEPVR,19,21,3,3
ALML,12,16,5,5
ALMR,4,8,4,4
AVM,3,20,4,4
PVM,5,9,9,9
PLML,0,7,10,10
PLMR,0,7,8,8
ALNL,4,8,3,3
ALNR,9,7,4,4
PLNL,4,3,3,3
PLNR,3,6,3,3
FLPL,7,16,7,7
FLPR,5,17,8,8
PVDL,7,12,10,10
PVDR,5,12,9,9
BAGL,10,19,5,5
BAGR,13,11,3,3
URXL,18,25,2,2
URXR,22,26,4,4
URYDL,8,11,2,2
URYDR,5,14,3,3
URYVL,3,20,2,2
URYVR,9,16,1,1
AQR,9,19,6,6
PQR,4,16,10,10
ADEL,8,36,7,7
ADER,11,25,7,7
PDEL,8,5,10,10
PDER,8,6,13,13
PHAL,2,11,6,6
PHAR,3,12,8,8
PHBL,5,11,8,8
PHBR,3,10,6,6
PHCL,3,10,5,5
PHCR,3,9,9,9
SDQL,6,20,4,4
SDQR,3,13,10,10
URBL,5,16,5,5
URBR,9,24,5,5
DVA,30,44,23,23
AUAL,8,12,5,5
AUAR,10,10,5,5
AIAL,22,18,9,9
AIAR,15,13,9,9
AIBL,33,23,14,14
AIBR,32,26,13,13
AIYL,12,12,4,4
AIYR,12,14,4,4
AIZL,23,20,8,8
AIZR,18,16,5,5
ADAL,16,21,6,6
ADAR,16,18,5,5
AIML,8,18,2,2
AIMR,8,23,4,4
AINL,7,13,4,4
AINR,4,18,7,7
ALA,5,10,10,10
BDUL,6,12,2,2
BDUR,7,13,4,4
CANL,1,0,2,2
CANR,1,0,2,2
RIPL,17,7,7,7
RIPR,17,9,3,3
RIAL,36,27,4,4
RIAR,35,26,7,7
RIBL,23,17,14,14
RIBR,21,20,14,14
RICL,17,20,3,3
RICR,21,22,5,5
RIFL,10,7,4,4
RIFR,14,20,4,4
RIGL,20,19,15,15
RIGR,15,19,14,14
RIH,24,29,5,5
RIR,21,26,2,2
RIS,19,26,11,11
RMGL,20,30,10,10
RMGR,13,27,11,11
AVFL,15,23,12,12
AVFR,12,22,9,9
AVG,14,23,13,13
AVHL,17,24,17,17
AVHR,17,19,20,20
AVJL,27,15,17,17
AVJR,27,17,16,16
AVKL,13,17,22,22
AVKR,12,18,14,14
AVL,17,18,14,14
DVB,2,8,11,11
DVC,17,17,19,19
PVNL,10,22,13,13
PVNR,16,33,17,17
PVPL,15,13,28,28
PVPR,17,21,21,21
PVQL,9,11,10,10
PVQR,12,18,13,13
PVR,17,29,21,21
PVT,20,13,30,30
PVWL,7,6,7,7
PVWR,6,7,12,12
RID,15,11,9,9
PVCL,34,36,24,24
PVCR,33,38,27,27
AVAL,65,43,44,44
AVAR,59,48,50,50
AVBL,45,23,26,26
AVBR,45,18,27,27
AVDL,39,25,15,15
AVDR,46,30,16,16
AVEL,46,24,14,14
AVER,44,25,16,16
LUAL,7,9,7,7
LUAR,6,12,10,10
SAADL,14,11,4,4
SAADR,13,15,3,3
SAAVL,11,10,5,5
SAAVR,12,14,10,10
SABD,14,2,4,4
SABVL,8,1,1,1
SABVR,7,0,4,4
RIML,26,25,9,9
RIMR,26,21,9,9
IL1DL,6,6,3,3
IL1DR,11,10,4,4
IL1L,9,12,5,5
IL1R,14,12,2,2
IL1VL,7,10,4,4
IL1VR,8,8,4,4
SIADL,12,7,5,5
SIADR,14,8,8,8
SIAVL,13,6,7,7
SIAVR,14,3,6,6
SIBDL,6,1,9,9
SIBDR,11,2,6,6
SIBVL,10,4,10,10
SIBVR,12,3,10,10
RMDDL,26,9,8,8
RMDDR,21,3,10,10
RMDL,25,21,9,9
RMDR,29,13,4,4
RMDVL,20,11,10,10
RMDVR,23,12,12,12
RMED,13,5,6,6
RMEL,12,4,2,2
RMER,16,3,5,5
RMEV,16,8,11,11
RMFL,13,12,5,5
RMFR,10,6,0,0
RMHL,17,9,4,4
RMHR,14,8,3,3
RIVL,13,9,6,6
RIVR,12,12,5,5
SMBDL,15,10,7,7
SMBDR,22,10,9,9
SMBVL,16,12,4,4
SMBVR,15,13,9,9
SMDDL,23,18,11,11
SMDDR,27,18,12,12
SMDVL,27,16,9,9
SMDVR,22,16,5,5
URADL,5,4,1,1
URADR,5,4,2,2
URAVL,8,12,5,5
URAVR,7,13,1,1
DA01,9,6,6,6
DA02,13,6,9,9
DA03,12,6,9,9
DA04,11,4,5,5
DA05,14,5,6,6
DA06,7,7,3,3
DA07,7,6,5,5
DA08,16,10,13,13
DA09,10,12,14,14
PDA,1,6,8,8
DB01,6,10,7,7
DB02,7,9,5,5
DB03,9,10,8,8
DB04,9,7,6,6
DB05,6,9,4,4
DB06,1,7,4,4
DB07,11,10,11,11
AS01,11,5,5,5
AS02,9,4,3,3
AS03,6,3,3,3
AS04,9,5,1,1
AS05,8,5,2,2
AS06,4,4,4,4
AS07,6,1,0,0
AS08,6,1,0,0
AS09,4,1,0,0
AS10,9,2,7,7
AS11,10,4,12,12
PDB,1,3,8,9
DD01,25,2,9,9
DD02,17,3,5,5
DD03,17,1,7,7
DD04,11,0,7,7
DD05,10,0,5,5
DD06,22,2,17,16
VA01,8,3,3,3
VA02,11,8,6,6
VA03,10,7,7,7
VA04,10,7,5,5
VA05,9,5,3,3
VA06,9,9,3,3
VA07,5,8,3,3
VA08,5,10,2,2
VA09,7,10,4,4
VA10,6,10,6,6
VA11,12,8,7,7
VA12,14,17,13,13
VB01,13,16,7,7
VB02,10,8,6,6
VB03,7,5,5,5
VB04,7,8,6,6
VB05,4,3,4,4
VB06,6,8,5,5
VB07,8,6,6,6
VB08,5,5,5,5
VB09,2,5,5,5
VB10,2,5,10,10
VB11,5,7,10,10
VD01,11,3,9,9
VD02,13,5,5,5
VD03,14,4,5,5
VD04,15,2,3,3
VD05,13,6,4,4
VD06,14,5,4,4
VD07,10,4,4,4
VD08,7,5,3,3
VD09,11,2,7,7
VD10,9,2,3,3
VD11,12,5,9,9
VD12,17,5,12,12
VD13,13,7,15,15
HSNL,16,25,8,8
HSNR,19,36,7,7
VC01,5,16,5,5
VC02,7,16,6,6
VC03,5,24,5,5
VC04,2,4,4,4
VC05,4,9,7,7
VC06,2,6,3,3
